Date,VOW,BMW,TM,F,GM,SSNLF,AAPL,DELL,INTC,NVDA,HSBC,SAN,JPM,BAC,C,JNJ,PFE,CVS,NOVN,BAYN,XOM,CVX,GBX,BP,TTE,KO,MCD,NSRGF,PEP,KHC,T,VZ,TMUS,VOD,NOKIA,MSFT,SAP,CRM,ORCL,IBM,DIS,NFLX,FOXA,META,GOOGL,AMZN,WMT,TGT,HD,COST
2010-06,6,6,5,11,1,16,38,18,7,7,1,28,15,83,37,0,4,21,3,6,10,5,17,100,5,59,59,16,21,4,33,50,23,62,83,98,13,2,25,13,4,3,2,0.5,33,23,13,7,6,4
2010-07,6,6,6,12,1,16,36,18,7,7,1,31,16,86,38,0,3,24,3,6,9,5,16,57,5,45,58,14,18,4,31,53,25,66,92,89,13,2,23,13,4,3,2,0.5,34,25,15,8,6,5
2010-08,6,6,6,12,1,17,36,20,8,7,1,33,16,89,39,0,3,24,3,6,8,5,15,24,5,41,54,15,19,4,32,53,25,66,100,94,13,2,23,13,4,3,2,0,34,30,15,9,6,5
2010-09,6,6,5,11,1,19,42,18,7,7,1,32,16,87,36,0.5,3,24,3,6,8,4,15,19,5,40,52,16,17,4,32,48,25,67,96,100,13,2,24,13,4,3,2,0,37,29,13,8,5,5
2010-10,6,7,5,10,1,17,39,17,7,7,1,32,15,90,36,0,4,23,3,5,8,4,15,18,7,39,62,17,19,4,29,47,21,64,91,97,13,2,22,13,4,3,2,0.5,37,29,14,8,5,5
2010-11,6,6,5,10,1,18,41,19,7,7,1,32,15,83,35,0,3,23,3,5,8,4,15,16,5,41,51,17,15,4,29,48,24,66,91,98,13,2,23,12,4,3,2,0.5,37,38,23,13,6,6
2010-12,6,6,5,11,1,21,40,18,7,7,1,33,15,97,38,0,3,28,2,5,8,5,16,14,5,43,51,15,14,4,32,55,23,67,95,89,11,2,21,11,4,4,2,0,38,46,24,14,6,7
2011-01,6,6,5,13,1,19,37,17,7,7,1,33,15,89,36,0.5,3,25,3,5,8,5,16,15,5,37,53,15,14,4,29,61,23,65,88,90,12,2,20,11,4,4,2,0,39,37,15,9,5,5
2011-02,7,6,5,13,1,17,33,17,7,6,1,37,15,87,35,0.5,4,23,3,5,8,5,15,15,6,47,53,16,16,4,29,56,21,66,87,91,13,2,21,13,4,4,2,0,42,33,15,8,5,4
2011-03,6,6,5,12,1,17,42,16,7,6,1,40,14,91,36,0,4,24,3,5,9,5,17,14,6,42,59,17,17,4,33,45,23,62,84,90,13,2,23,12,3,4,2,0.5,46,30,14,9,6,5
2011-04,6,6,5,12,1,17,35,15,6,6,1,41,14,89,37,0,3,23,3,5,9,5,15,13,5,45,71,19,17,4,30,47,20,58,80,85,12,2,22,11,4,4,2,0.5,46,32,15,9,7,5
2011-05,6,6,5,11,1,18,35,15,6,6,1,43,14,87,36,0,3,26,2,6,9,5,16,12,6,52,59,17,18,4,30,43,21,61,78,85,13,2,21,11,4,4,2,0.5,48,32,15,9,7,5
2011-06,6,6,5,11,1,18,38,15,6,6,1,41,16,90,37,0,3,27,3,5,8,5,16,11,5,47,61,17,18,4,31,46,22,60,82,80,14,2,22,11,4,4,2,0.5,49,33,15,10,7,5
2011-07,6,6,5,12,1,20,38,15,6,6,1,45,16,98,37,0,3,27,2,5,8,5,17,11,5,45,60,17,20,4,31,49,24,62,88,78,13,2,21,10,4,5,2,0.5,51,35,17,11,7,6
2011-08,6,6,5,12,1,22,41,16,6,6,1,45,17,100,39,0,3,26,2,5,9,5,18,12,5,46,59,17,18,4,31,50,24,60,91,77,12,3,22,11,4,4,2,0.5,50,36,17,11,7,5
2011-09,6,6,5,11,1,22,41,15,6,6,1,48,14,97,38,0,3,25,3,5,8,5,17,12,5,45,60,18,19,4,31,47,24,60,94,80,13,3,21,10,4,5,2,0.5,53,39,15,12,6,5
2011-10,6,6,6,11,1,23,70,14,6,6,1,55,14,95,38,0,3,27,3,5,8,5,16,12,5,48,73,21,15,4,34,52,24,67,92,80,11,3,20,10,4,4,2,0.5,55,38,16,10,6,5
2011-11,5,6,5,12,1,25,49,15,7,6,1,55,14,94,36,0,3,27,2,5,8,6,15,12,5,55,62,20,16,4,30,47,25,71,93,80,13,3,21,10,4,4,2,0.5,57,52,27,15,7,7
2011-12,5,6,5,11,1,28,50,15,6,6,1,60,14,94,37,0,3,31,2,4,7,6,15,11,5,53,61,15,15,3,31,51,25,69,98,75,11,2,18,8,5,5,2,0.5,60,59,26,15,6,8
2012-01,6,6,5,11,1,26,41,14,6,6,1,59,14,84,37,0,3,27,3,5,8,5,16,11,5,42,64,15,15,4,28,41,22,61,86,76,12,3,17,9,4,5,2,0,55,46,17,10,6,5
2012-02,6,6,5,12,1,23,38,13,5,5,1,54,13,84,37,0,4,27,3,5,8,5,15,12,5,44,58,15,18,4,28,40,22,59,83,74,13,3,19,9,4,5,2,0.5,57,41,17,9,6,5
2012-03,6,6,5,11,1,23,48,13,5,5,1,52,13,82,37,0,3,26,3,6,8,5,17,12,6,49,66,17,18,4,27,37,20,54,78,74,13,3,19,9,4,5,2,0.5,56,41,15,9,7,5
2012-04,6,6,5,11,1,20,38,12,5,5,1,56,13,76,36,0,3,27,2,8,8,6,16,11,5,49,71,18,19,3,27,37,19,54,69,69,12,3,18,9,4,4,2,0.5,58,41,15,8,7,5
2012-05,6,6,5,11,1,20,36,11,5,5,1,51,17,76,36,0,4,25,2,6,8,6,15,11,4,57,61,19,20,3,27,39,19,53,66,67,13,3,19,9,3,4,1,0.5,58,39,15,9,7,5
2012-06,5,5,5,11,1,21,41,12,5,5,1,52,14,80,36,0,3,28,2,5,8,6,17,12,4,55,72,16,20,3,28,44,22,52,67,72,13,3,19,9,4,5,2,0.5,54,42,17,9,7,5
2012-07,6,6,5,11,1,23,37,12,5,5,1,54,14,83,38,0,3,29,2,5,8,6,17,11,5,53,61,15,17,3,28,43,21,55,67,64,12,3,19,8,4,5,2,0.5,57,44,17,10,7,5
2012-08,5,6,5,11,1,24,40,12,5,5,1,51,13,85,37,0,3,29,2,5,7,7,15,11,4,47,65,14,16,4,28,42,22,49,67,68,12,3,18,8,4,5,2,0.5,58,42,18,10,7,5
2012-09,6,6,5,11,1,23,68,11,5,5,1,52,14,88,34,0,3,29,2,5,7,6,15,11,4,47,66,15,16,3,34,49,23,57,66,73,12,3,19,9,4,4,2,0.5,61,47,17,9,7,6
2012-10,6,5,5,11,1,22,51,11,5,5,1,55,13,81,37,0.5,3,28,3,5,8,5,15,11,4,49,68,14,16,3,30,43,21,57,59,75,12,3,19,9,4,5,3,0.5,73,48,17,9,6,5
2012-11,5,5,5,11,1,23,51,12,6,5,1,56,12,81,35,0,3,29,2,5,8,6,16,12,4,49,61,15,16,3,29,45,23,59,58,77,11,3,17,8,4,5,3,0.5,82,61,29,14,7,7
2012-12,5,5,4,10,1,25,50,11,5,5,1,54,12,83,37,0,2,34,2,4,6,5,14,10,4,49,61,12,13,3,28,44,22,55,59,66,10,3,15,7,4,6,2,0.5,84,68,27,14,6,7
2013-01,6,6,5,12,1,24,42,12,5,5,1,53,12,77,35,0,3,33,2,5,8,6,15,11,4,42,64,13,15,4,27,38,19,56,58,74,12,3,17,8,4,6,2,0.5,89,55,18,9,6,6
2013-02,6,6,5,11,1,22,39,11,5,5,1,51,12,81,35,0,3,28,2,5,7,6,14,10,4,44,65,15,17,5,27,38,19,53,57,75,12,3,18,8,4,6,2,0.5,86,49,17,9,6,5
2013-03,5,5,5,12,1,23,36,10,5,5,1,49,12,78,35,0,3,28,2,5,7,6,14,10,4,46,67,15,20,4,25,37,19,51,53,69,12,3,17,8,3,5,2,0.5,96,50,17,9,7,5
2013-04,5,6,5,11,1,21,34,10,5,4,1,54,12,77,34,0,3,28,3,7,8,6,14,10,4,47,74,14,24,4,25,35,20,50,53,67,12,3,18,8,3,5,3,0.5,92,47,16,8,9,5
2013-05,5,6,5,11,0.5,20,34,9,4,4,1,54,12,73,34,0,3,29,2,7,7,6,14,10,4,61,68,13,21,3,25,36,20,52,51,64,12,3,16,8,3,5,2,0.5,93,47,17,9,9,6
2013-06,5,5,5,12,1,22,37,10,5,4,1,53,12,74,33,0,3,29,2,5,6,6,15,10,4,54,68,12,16,3,26,38,19,52,53,61,12,3,16,8,3,6,2,0.5,98,49,19,9,8,6
2013-07,5,6,5,13,1,22,35,10,5,4,1,56,13,79,37,0,3,31,3,5,7,8,16,9,4,57,81,12,19,3,29,40,20,55,54,63,12,4,18,8,4,6,2,0.5,92,49,19,10,8,6
2013-08,5,6,5,11,1,22,37,10,5,4,1,53,13,79,35,0,2,33,2,5,7,8,16,11,4,51,75,12,17,4,29,40,19,50,52,63,11,4,16,7,3,6,2,0.5,100,50,19,10,7,6
2013-09,5,6,5,11,0.5,23,60,10,5,4,1,50,12,69,33,0,2,30,2,5,7,7,15,10,4,62,67,12,15,3,29,42,19,52,51,70,12,4,17,8,3,6,2,0.5,98,50,17,9,7,6
2013-10,5,5,5,11,0.5,22,47,10,5,5,1,54,12,68,34,0,2,30,2,5,7,7,14,10,4,48,67,13,15,4,26,37,18,50,48,72,12,4,16,8,3,6,2,0.5,99,50,18,9,7,6
2013-11,5,5,4,11,0.5,23,46,10,5,5,1,51,11,62,33,0,2,29,2,5,7,7,14,10,4,51,64,14,16,4,25,38,19,47,46,66,11,4,15,7,3,6,2,0,98,61,29,14,8,7
2013-12,5,5,4,11,1,24,44,10,5,5,1,51,12,69,36,0,2,35,2,4,7,7,14,11,4,54,63,12,14,3,27,41,20,51,47,64,10,3,15,6,4,7,2,0,99,69,30,16,7,8
2014-01,5,5,5,12,1,22,38,10,5,5,1,53,12,66,34,0.5,2,32,3,5,7,7,14,11,4,44,66,12,15,3,24,36,20,50,44,64,12,4,15,8,4,7,2,0.5,91,52,17,9,7,6
2014-02,5,6,5,11,1,21,34,10,4,4,1,52,12,66,33,0,2,32,2,5,7,7,13,11,4,53,64,13,16,4,25,36,18,45,45,69,12,4,16,8,4,6,2,0.5,97,49,17,8,7,5
2014-03,5,5,5,11,1,19,34,9,4,4,1,51,12,63,34,0,2,30,2,5,7,7,13,10,4,45,68,13,18,3,25,33,16,43,39,62,12,4,16,7,4,6,2,0.5,93,51,16,9,7,5
2014-04,5,5,5,12,1,20,33,9,4,4,1,51,12,65,34,0,3,29,3,7,7,7,14,10,4,46,72,13,19,3,25,33,16,44,38,71,11,4,15,7,4,5,2,0.5,92,48,16,8,9,6
2014-05,5,6,5,11,1,20,33,8,4,4,1,52,11,61,33,0.5,4,30,2,5,7,6,14,10,4,49,65,13,21,3,24,34,16,44,38,62,12,4,15,7,3,6,1,0.5,93,47,17,8,9,6
2014-06,5,5,4,10,1,19,33,9,4,4,1,52,11,60,34,0,2,29,2,5,6,6,14,11,4,51,67,11,17,3,21,34,16,43,40,58,12,4,14,7,3,6,1,0.5,91,50,17,9,8,6
2014-07,5,5,5,12,1,19,32,9,4,4,1,55,12,64,34,0,2,30,2,5,7,7,15,10,4,89,66,12,18,3,23,36,17,46,39,55,12,4,16,7,3,6,2,0.5,90,49,18,9,8,6
2014-08,5,5,5,12,1,19,35,9,4,4,1,51,11,63,33,0,2,31,2,5,7,7,15,10,4,66,66,12,15,3,23,35,17,44,38,59,11,4,14,6,3,6,2,0.5,92,52,19,10,8,6
2014-09,5,6,5,11,1,21,69,9,5,4,1,52,11,63,35,0,2,31,2,5,7,7,15,11,4,56,63,12,13,3,31,46,21,49,36,67,13,5,16,7,3,6,2,0.5,99,54,17,9,7,6
2014-10,5,5,4,11,1,20,49,9,4,4,1,52,12,58,33,0,2,30,2,5,7,6,15,10,7,52,70,12,13,3,25,41,19,45,33,63,12,5,15,8,3,6,2,0.5,92,59,17,9,7,6
2014-11,5,5,5,11,1,20,44,9,4,4,1,47,10,54,31,0,2,30,2,5,6,6,14,10,4,47,61,12,12,3,24,38,17,45,33,60,11,4,14,6,3,6,2,0.5,82,65,29,16,8,7
2014-12,5,5,4,11,0.5,22,44,9,5,5,1,51,11,59,35,0,2,38,2,4,7,6,15,11,5,53,65,11,11,3,24,40,17,48,30,58,10,4,14,6,4,7,2,0.5,90,75,29,15,7,8
2015-01,5,5,5,12,1,20,37,9,5,4,1,50,11,59,34,0,2,32,2,4,7,6,13,11,4,39,68,11,12,3,22,35,16,43,30,63,11,4,13,7,3,7,2,0.5,90,59,18,9,7,6
2015-02,5,6,5,13,1,19,36,9,4,4,1,48,11,58,32,0,3,30,2,5,8,6,14,10,5,42,61,12,13,3,20,33,15,42,26,61,12,5,15,7,3,7,2,0.5,88,54,17,9,7,6
2015-03,5,6,5,12,1,19,44,9,4,4,1,52,11,56,31,0,2,30,2,5,7,6,14,10,4,45,64,13,13,4,19,32,15,43,26,60,12,5,14,7,3,7,2,0.5,90,54,17,8,8,6
2015-04,5,6,5,12,1,19,39,8,4,4,1,51,12,57,33,0,2,32,2,6,7,6,16,11,4,44,70,13,18,4,19,33,15,42,25,57,12,5,16,6,3,7,2,0.5,90,53,17,9,9,6
2015-05,5,6,5,11,1,18,35,8,4,4,1,49,11,56,31,0.5,2,32,2,7,6,6,14,10,4,51,67,12,17,3,19,31,15,40,22,55,11,4,14,6,3,7,2,0.5,83,52,18,8,9,6
2015-06,5,6,5,12,1,17,40,8,4,4,1,51,12,56,31,0,2,34,2,5,7,6,14,10,4,49,68,15,19,3,21,33,15,41,22,57,12,5,15,6,3,8,2,0.5,84,55,20,9,9,6
2015-07,5,6,5,13,1,19,41,8,4,4,1,54,13,60,33,0,2,33,2,5,7,6,15,12,4,47,80,13,18,3,20,33,15,44,21,55,12,5,14,7,3,8,2,0.5,85,58,21,10,9,7
2015-08,5,6,5,12,1,18,39,9,4,5,1,47,13,59,31,0,2,35,2,5,7,7,14,10,4,42,69,12,15,3,22,34,16,43,20,62,11,4,13,6,3,7,2,0.5,81,58,20,10,8,6
2015-09,8,6,5,12,1,18,56,9,4,4,1,48,12,56,30,0,2,33,2,5,7,6,14,11,4,40,68,14,13,3,22,36,16,44,19,61,12,5,14,6,3,7,2,0.5,85,55,19,9,8,6
2015-10,7,6,5,12,1,18,46,9,4,4,1,50,12,54,30,0,2,31,2,5,7,6,15,10,4,40,73,14,18,3,22,34,15,42,18,60,12,5,14,6,3,8,2,0.5,82,59,19,9,8,6
2015-11,6,5,5,12,1,19,45,9,4,5,1,50,11,49,30,0,3,32,2,5,6,5,14,10,4,43,67,15,14,3,19,31,15,42,16,61,11,4,13,6,3,8,2,0,79,75,28,15,9,8
2015-12,5,5,4,11,0.5,20,43,9,4,5,1,47,12,55,30,0,2,39,2,4,6,5,14,10,4,56,71,13,13,3,20,33,15,42,17,55,10,4,12,6,3,8,2,0,81,82,29,15,8,8
2016-01,5,5,4,12,0.5,17,39,8,4,3,1,39,12,46,26,0,2,33,2,4,7,6,13,10,4,36,64,12,12,3,17,25,11,37,16,49,11,4,12,6,3,9,2,0.5,70,53,16,8,6,6
2016-02,5,5,4,12,1,16,36,8,3,3,1,38,12,50,26,0,2,31,2,5,6,5,14,10,4,37,62,12,14,4,17,25,11,36,16,48,12,5,13,6,3,7,1,0.5,73,49,16,8,7,5
2016-03,5,6,5,12,0.5,17,40,8,4,3,1,40,11,47,26,0,2,31,2,5,6,5,13,10,4,37,69,13,14,3,18,27,11,37,14,47,12,5,13,6,3,7,2,0.5,70,50,17,8,7,6
2016-04,5,5,4,12,0.5,16,35,8,3,3,1,39,11,45,26,0.5,2,32,2,6,6,5,13,10,4,41,75,11,16,3,17,26,10,34,13,42,11,5,12,6,3,6,1,0.5,69,49,16,8,8,6
2016-05,5,5,4,12,0.5,16,34,8,3,4,1,43,12,46,26,0,2,34,2,7,6,5,13,10,5,41,69,14,18,3,17,25,10,34,13,43,11,5,13,6,3,6,1,0.5,67,46,18,9,9,6
2016-06,5,5,5,12,0.5,16,35,8,3,3,1,43,12,46,30,0.5,2,36,2,5,6,5,14,11,4,39,75,12,17,3,17,25,12,35,13,44,12,5,13,6,3,7,2,0.5,64,48,19,9,8,7
2016-07,5,5,5,12,0.5,17,36,8,3,3,1,44,12,48,31,0.5,2,36,1,4,6,5,14,10,4,37,82,11,16,3,18,28,12,36,14,43,11,5,11,5,3,7,2,0,60,53,20,9,9,7
2016-08,5,5,5,12,0.5,18,36,8,3,3,1,41,12,48,29,0,2,36,1,4,6,6,14,10,4,38,71,11,18,3,19,28,12,36,13,46,11,5,13,5,3,7,2,0.5,64,52,19,9,8,6
2016-09,4,5,5,12,0.5,17,57,8,3,3,1,43,13,46,29,0,2,35,2,7,6,5,14,11,4,36,72,11,14,3,20,31,14,37,12,50,12,5,13,6,3,7,2,0,61,51,18,8,8,6
2016-10,5,5,5,12,0.5,18,49,8,3,3,1,42,12,46,27,0,2,34,2,5,6,5,13,12,4,34,72,11,12,3,18,27,11,33,12,48,11,5,11,6,3,8,2,0.5,61,58,18,8,7,6
2016-11,5,5,4,12,0.5,17,47,9,3,3,1,45,12,43,29,0,2,34,2,5,6,5,13,11,5,39,71,11,12,3,17,27,13,33,11,49,12,5,12,6,3,7,3,0.5,60,69,29,13,8,8
2016-12,4,6,5,11,1,19,45,7,3,3,2,31,12,44,29,0,2,40,1,3,8,5,17,13,8,52,74,11,11,2,15,29,9,36,12,44,9,4,11,5,3,8,2,4,37,72,29,14,8,9
2017-01,4,6,5,12,1,17,40,7,3,3,2,29,13,41,27,0,2,35,2,3,6,5,16,14,7,33,76,10,11,2,14,25,7,33,11,44,10,5,11,5,3,9,2,4,35,57,17,8,7,6
2017-02,4,6,5,12,1,16,37,6,3,3,2,29,13,42,27,0,2,35,2,4,6,4,16,13,7,35,70,11,13,2,13,27,8,33,13,45,11,5,12,6,3,8,2,4,36,54,18,7,7,7
2017-03,5,6,5,12,1,16,38,7,3,3,2,31,13,41,27,0,2,34,2,4,7,5,17,13,8,37,75,12,13,2,14,24,8,34,11,47,11,6,13,6,3,8,2,4,35,55,18,8,8,6
2017-04,4,6,5,12,1,16,36,6,3,3,2,29,13,42,28,0,2,34,2,5,6,4,17,13,7,40,86,12,42,2,12,23,8,32,9,43,10,5,12,5,3,9,2,4,33,55,19,8,9,7
2017-05,4,6,5,12,1,16,34,6,3,3,2,33,13,42,26,0,2,35,2,4,6,4,17,12,8,39,80,11,15,2,13,24,7,32,9,45,11,6,12,6,3,8,2,4,34,54,19,8,10,7
2017-06,4,6,5,12,1,16,37,6,3,3,2,31,14,43,27,0,2,37,2,4,6,4,18,13,7,40,86,11,13,2,14,24,7,34,10,39,11,5,12,5,3,8,2,4,33,57,21,9,9,7
2017-07,4,6,5,12,1,16,37,6,3,3,2,32,15,43,27,0.5,2,35,2,4,5,4,18,13,8,40,86,10,14,2,14,24,7,34,10,39,10,5,12,5,3,9,2,4,32,64,22,9,9,8
2017-08,4,6,5,13,1,16,39,6,3,3,2,35,13,45,27,0,2,37,2,4,6,5,18,13,9,38,86,11,15,2,14,23,7,35,9,39,11,5,12,5,3,9,2,4,31,68,21,9,9,8
2017-09,4,6,5,12,1,16,56,6,3,3,2,35,15,44,26,0,2,36,2,4,5,5,18,13,8,37,82,11,17,2,14,24,9,34,9,44,11,6,12,5,3,9,2,4,32,62,20,8,9,8
2017-10,4,6,5,12,1,16,46,6,3,3,2,34,14,43,26,0,2,35,2,4,6,5,17,13,9,37,80,12,16,2,13,24,8,35,9,43,11,6,12,6,3,10,2,4,33,66,22,9,8,7
2017-11,4,6,5,12,1,17,53,7,3,3,2,34,14,41,26,0,2,36,2,4,5,4,18,15,8,39,79,11,12,2,14,26,8,36,9,45,11,6,12,6,3,10,2,4,32,82,30,14,9,9
2017-12,4,5,5,11,1,17,49,6,3,4,2,32,13,43,25,0.5,2,42,1,3,5,4,18,15,8,45,88,10,12,1,14,25,7,33,8,41,9,5,10,5,3,10,2,4,30,87,30,13,8,9
2018-01,4,6,5,12,1,15,42,7,4,4,2,32,14,41,24,0,2,40,2,4,5,4,17,16,8,34,79,11,13,2,13,20,6,33,8,42,10,6,11,5,3,11,2,4,31,69,19,7,8,7
2018-02,4,5,5,13,1,15,38,6,3,3,2,31,15,40,24,0,2,37,3,4,5,4,17,18,7,35,82,13,14,2,12,20,6,33,8,42,10,6,11,5,3,10,2,3,30,61,19,7,7,7
2018-03,4,6,5,12,1,15,37,6,3,3,2,33,14,39,25,0.5,2,34,2,4,5,4,18,19,8,36,83,13,14,2,12,20,6,32,7,42,10,6,11,5,3,10,2,3,29,63,19,8,8,7
2018-04,4,5,5,12,1,14,36,6,3,3,2,32,13,38,23,0.5,2,33,2,5,6,4,19,20,8,40,78,12,15,2,12,19,7,29,7,41,11,6,11,5,3,10,2,3,29,60,20,8,9,8
2018-05,4,6,5,12,0.5,14,37,6,3,3,2,30,13,38,23,0,2,33,2,5,6,4,20,23,9,47,79,12,14,2,11,20,6,30,7,40,11,6,11,5,3,10,2,3,27,59,21,8,10,8
2018-06,4,5,5,11,1,14,37,6,3,3,2,28,14,40,23,0,2,36,2,4,5,4,18,24,8,45,79,11,14,2,13,22,6,30,7,39,11,6,11,5,3,10,2,3,28,60,21,8,10,8
2018-07,4,6,5,13,1,14,37,6,2,3,2,30,13,39,23,0.5,2,36,2,4,6,4,19,25,8,38,92,11,15,2,12,21,7,32,7,37,10,6,10,5,3,10,2,3,27,67,22,9,10,8
2018-08,4,6,5,12,1,16,40,6,3,4,2,29,13,38,23,0,2,35,2,5,6,4,19,30,8,37,81,11,14,2,12,21,7,31,7,37,9,6,11,4,3,10,2,3,25,61,20,8,8,7
2018-09,4,5,5,12,0.5,15,56,6,3,4,2,27,14,36,22,0,2,37,2,4,5,4,19,34,8,36,92,11,13,2,13,23,8,31,7,42,10,6,10,5,3,9,2,3,27,65,19,8,8,8
2018-10,4,5,5,12,1,15,46,6,3,4,2,26,14,36,21,0,2,38,2,4,6,4,18,40,9,32,86,11,12,2,13,21,7,30,7,42,10,6,12,6,3,10,2,3,26,66,19,8,7,7
2018-11,4,5,5,11,1,16,49,7,3,5,2,26,13,35,20,0,2,37,2,4,5,4,19,41,9,34,79,11,12,2,12,24,8,31,7,40,10,6,11,5,3,10,2,3,25,79,29,13,9,10
2018-12,4,5,5,11,1,15,46,5,2,4,2,24,12,35,19,0,2,43,1,4,5,4,19,37,9,43,88,11,11,1,12,23,7,30,7,35,8,5,9,4,3,12,2,3,25,80,29,13,8,10
2019-01,4,5,5,12,1,15,40,6,2,4,2,27,13,35,21,0,2,38,2,4,6,4,17,34,8,31,80,11,13,2,12,19,7,28,7,41,10,6,10,5,3,13,2,2,27,65,19,7,7,8
2019-02,4,5,5,12,1,16,36,7,2,4,1,36,13,39,20,0,2,38,2,5,6,4,14,31,5,35,78,11,15,5,14,18,9,28,7,40,10,6,11,5,2,11,2,0.5,35,62,18,8,7,7
2019-03,5,5,5,12,0.5,15,39,7,2,4,1,34,12,39,20,0,2,38,2,7,6,4,15,33,5,39,85,11,14,4,14,19,9,27,7,39,10,6,10,5,2,10,2,0.5,36,62,19,7,9,7
2019-04,4,6,5,12,0.5,16,35,5,2,3,2,25,13,36,20,0,2,39,2,6,6,5,19,41,9,36,95,11,14,2,11,18,7,25,6,36,10,6,10,4,3,10,2,3,23,61,20,8,10,8
2019-05,4,6,5,12,0.5,15,34,5,2,3,2,26,13,35,20,0,2,37,2,6,5,4,18,43,9,37,87,11,13,2,11,18,7,25,6,37,10,7,10,4,3,10,2,3,24,61,21,8,10,8
2019-06,4,5,5,12,0.5,15,39,5,2,3,2,23,14,35,21,0,2,39,2,5,5,4,19,42,9,39,99,11,14,2,12,19,6,28,6,36,9,7,10,4,3,10,2,3,24,68,21,8,11,9
2019-07,4,6,5,13,0.5,15,38,5,2,3,2,26,15,36,21,0,2,40,2,5,6,4,20,43,9,42,95,12,16,2,12,20,7,29,6,36,10,7,10,5,3,11,2,3,24,70,22,9,10,9
2019-08,4,20,5,12,0.5,16,45,6,2,3,2,25,15,38,21,0,2,39,2,5,6,4,20,45,9,39,93,11,13,2,12,20,7,28,6,37,9,7,9,4,3,11,2,3,24,70,22,8,9,8
2019-09,4,100,7,12,1,15,100,6,2,3,2,25,14,34,20,0,2,39,2,4,6,4,19,40,10,35,87,12,12,2,12,22,8,29,7,43,10,7,10,5,3,11,2,3,25,70,20,8,9,8
2019-10,4,5,5,12,1,15,48,6,2,3,2,23,14,34,20,0,2,39,2,4,6,4,19,47,10,36,88,12,12,2,11,22,7,27,7,45,10,7,10,5,3,10,2,2,25,73,20,8,8,8
2019-11,4,5,5,12,0.5,16,51,6,2,4,2,24,13,31,20,0,2,39,2,4,6,4,18,52,9,39,92,13,12,2,11,26,7,28,6,41,10,7,10,4,3,11,2,3,23,88,29,12,10,11
2019-12,3,5,5,11,0.5,16,49,6,2,3,2,22,13,33,19,0,2,46,2,4,5,4,19,54,11,46,94,11,12,2,11,23,8,28,6,40,8,6,8,3,3,12,2,3,22,92,30,13,9,11
2020-01,4,5,5,12,0.5,15,42,6,2,4,2,23,14,33,20,0,2,40,2,4,5,4,19,49,9,33,86,11,13,2,10,19,6,26,6,42,10,7,9,4,3,13,2,3,22,70,18,7,8,8
2020-02,4,5,5,12,0.5,16,40,6,2,4,2,22,14,33,19,0,2,39,2,4,7,4,20,47,9,33,79,12,14,2,10,17,7,25,6,44,10,7,10,5,3,12,2,2,22,68,18,7,7,8
2020-03,3,5,4,11,1,14,38,6,2,4,2,24,15,33,17,0,3,47,2,5,9,5,26,46,14,31,80,12,12,2,10,16,6,26,5,63,9,7,8,4,3,18,3,3,22,80,25,9,10,12
2020-04,3,4,4,10,0.5,14,46,6,3,4,2,27,16,41,18,0,3,41,2,5,10,5,25,41,11,30,75,14,12,2,10,17,6,27,5,74,8,6,8,4,3,21,3,3,22,96,32,11,15,12
2020-05,3,5,4,11,0.5,16,42,6,3,4,2,22,14,39,16,0,3,40,2,5,7,4,22,37,11,33,88,12,13,2,10,17,6,26,5,65,8,6,8,4,3,18,2,2,21,94,31,12,17,11
2020-06,4,6,5,13,0.5,17,44,7,3,4,3,23,15,40,18,0,3,44,2,5,7,4,22,39,12,33,100,12,14,2,11,18,9,27,6,62,9,7,8,4,3,15,2,2,21,89,27,11,15,9
2020-07,4,6,5,14,0.5,17,42,7,3,4,2,23,14,43,18,0.5,6,49,2,5,6,4,20,38,12,38,87,11,13,2,11,19,6,27,6,58,10,7,8,4,3,14,2,2,21,84,25,10,13,10
2020-08,4,5,5,13,1,17,46,7,3,4,2,23,13,38,18,0,4,41,2,6,6,4,20,39,10,35,84,11,13,2,12,19,6,24,5,58,8,7,8,4,2,14,2,2,20,77,23,9,12,9
2020-09,4,5,5,12,1,16,55,7,3,6,2,21,13,38,16,0,4,44,2,4,7,4,18,36,10,33,80,10,12,1,11,18,6,25,5,68,9,6,10,4,2,14,2,2,23,81,22,8,11,9
2020-10,4,5,5,12,0.5,16,55,6,3,4,2,20,12,34,15,0,5,43,2,5,6,4,19,37,10,31,78,11,12,1,10,16,6,24,5,60,9,5,8,4,2,13,3,2,21,85,21,8,10,9
2020-11,3,5,4,12,0.5,17,51,6,3,4,2,20,11,29,14,0,34,47,1,5,5,3,19,36,10,32,76,11,10,2,11,17,6,25,5,57,8,4,7,3,2,13,6,2,20,100,32,12,11,11
2020-12,3,5,5,11,0.5,17,53,6,3,4,2,20,12,32,16,0,47,56,1,4,6,3,21,39,10,41,85,11,11,1,12,17,6,24,5,51,8,4,7,3,3,14,2,2,21,99,30,13,10,11
2021-01,4,5,5,12,1,17,45,6,3,4,2,19,13,34,13,0,39,48,2,5,6,3,20,35,9,33,81,11,12,2,10,15,5,22,8,58,8,4,6,4,2,16,3,2,19,83,22,8,9,9
2021-02,4,5,5,13,1,16,40,6,3,4,2,20,12,31,14,0,35,59,2,6,6,4,20,35,10,43,85,12,13,2,9,14,5,23,6,56,9,5,7,3,2,14,2,2,20,78,20,7,9,9
2021-03,4,5,5,13,1,16,40,6,2,3,2,21,13,35,14,0,55,77,2,5,6,4,20,34,11,36,76,12,13,2,9,14,5,21,5,57,9,5,8,3,2,12,2,2,20,74,20,7,11,9
2021-04,4,5,5,12,1,16,39,5,2,3,2,19,13,31,15,0,79,60,2,5,5,4,19,31,10,34,87,12,12,2,9,13,5,20,4,52,8,5,7,4,2,12,2,2,19,73,20,7,12,9
2021-05,4,5,5,12,0.5,15,39,5,2,3,2,19,12,30,13,0,87,49,1,5,6,4,20,30,10,33,88,12,13,1,9,13,5,20,5,49,8,5,7,3,2,13,2,2,20,71,20,7,12,10
2021-06,4,5,5,12,0.5,17,39,5,2,3,2,20,13,30,14,0.5,85,45,1,4,6,3,20,29,10,55,87,12,13,2,9,14,5,20,5,48,9,5,7,4,3,12,2,2,18,70,20,7,11,9
2021-07,4,5,5,12,0.5,15,39,5,2,3,2,20,13,32,14,0.5,88,49,1,4,5,4,20,30,10,35,94,12,13,1,9,15,5,20,5,44,8,5,7,3,3,12,2,2,19,68,20,8,10,9
2021-08,4,5,5,12,0.5,16,41,5,2,3,2,19,12,29,14,0,100,66,1,4,5,4,19,29,10,33,81,11,12,1,9,14,6,20,5,44,8,5,7,3,2,11,2,2,19,66,20,8,9,9
2021-09,4,5,5,11,0.5,15,53,6,2,3,2,19,12,30,14,0,65,64,1,4,5,3,20,28,11,30,85,10,12,2,10,16,7,19,5,52,9,5,7,3,2,12,2,2,20,68,18,7,9,9
2021-10,3,5,5,11,0.5,15,50,5,2,3,2,17,13,28,14,0,51,59,1,4,5,4,21,29,11,30,83,10,11,1,10,15,7,19,5,51,8,5,8,3,3,12,2,2,18,70,19,8,8,9
2021-11,3,5,5,11,0.5,15,52,6,2,4,2,18,12,26,15,0.5,51,68,2,4,5,3,19,30,11,32,78,10,11,2,9,15,7,19,5,51,9,5,7,3,3,12,2,1,18,78,26,10,10,10
2021-12,3,5,5,11,0.5,15,51,5,2,4,2,18,14,28,15,0,50,96,1,4,5,3,19,30,12,37,88,10,12,2,10,16,8,18,5,47,8,5,7,3,3,13,2,1,18,80,26,12,9,12
2022-01,6,9,11,11,0.5,24,50,7,3,5,1,5,6,27,15,12,42,65,1,4,4,3,21,30,12,30,72,9,12,2,12,14,9,19,6,59,10,6,8,4,3,15,2,0.5,33,73,18,7,8,7
2022-02,6,9,11,11,1,24,43,7,3,4,1,5,6,25,14,6,22,37,2,4,4,4,24,29,13,32,66,10,13,2,12,13,9,19,6,57,11,6,8,4,3,13,2,0.5,32,68,15,6,7,6
2022-03,6,9,10,10,0.5,24,44,7,2,4,1,5,6,25,15,5,18,33,2,4,6,5,29,29,16,36,65,13,15,2,11,13,8,19,6,54,11,6,8,4,3,12,2,0.5,32,65,15,7,8,6
2022-04,6,8,10,11,0.5,22,41,6,2,4,1,5,6,25,14,4,12,37,1,4,4,4,23,26,13,36,66,11,14,2,11,13,8,17,6,49,10,7,8,4,3,12,2,0.5,32,65,16,7,9,7
2022-05,6,9,10,11,0.5,22,41,6,2,3,1,5,5,22,14,4,10,37,1,4,4,4,22,28,12,37,63,9,14,2,10,13,9,17,5,46,10,7,8,3,3,11,2,0.5,33,62,16,7,10,7
2022-06,6,9,10,10,0.5,22,45,6,2,3,1,5,6,25,15,4,8,40,1,3,5,4,23,27,13,35,64,9,15,2,11,14,9,18,5,48,11,7,8,3,3,11,2,0.5,34,68,17,7,9,7
2022-07,6,9,10,11,0.5,23,43,6,2,3,1,5,6,25,14,3,8,40,1,3,4,4,24,26,13,35,68,9,14,2,11,14,9,18,6,46,10,7,7,3,3,13,2,0.5,35,75,18,7,9,7
2022-08,6,9,10,11,0.5,23,43,7,2,4,1,5,6,25,15,4,7,39,1,4,4,4,23,27,14,39,62,9,14,2,12,14,10,19,6,46,10,7,8,3,3,12,2,0.5,34,70,17,7,8,6
2022-09,6,8,9,10,0.5,24,59,6,2,4,1,5,6,24,14,3,7,40,1,4,4,3,23,26,21,40,58,9,14,2,12,15,11,20,5,50,10,7,8,3,3,12,2,0.5,34,70,15,7,8,6
2022-10,5,9,9,10,0.5,22,50,6,2,4,1,5,6,24,14,3,9,40,1,3,4,4,21,24,22,36,59,8,13,2,11,13,9,17,5,48,10,7,8,3,3,12,1,0.5,31,73,15,7,7,6
2022-11,5,8,9,9,0.5,24,52,6,2,4,1,5,5,22,14,3,6,39,1,4,4,4,21,24,15,36,44,9,16,2,10,14,9,17,5,49,10,7,8,4,3,12,2,0.5,31,80,21,8,8,7
2022-12,5,8,9,9,0.5,23,49,5,2,4,1,4,5,24,15,3,6,42,1,3,3,3,22,24,12,38,47,8,16,2,11,14,10,17,5,46,9,6,7,3,3,14,2,0.5,29,80,20,11,7,7
2023-01,6,9,10,10,0.5,22,45,6,2,3,1,4,6,25,14,3,8,37,1,3,4,4,19,23,13,31,43,8,14,2,10,13,9,17,5,51,10,7,7,3,3,14,2,0.5,32,69,14,6,7,6
2023-02,6,9,10,10,0.5,23,44,6,2,4,1,5,6,24,15,3,6,36,1,4,4,3,21,24,14,35,41,9,15,2,10,12,9,16,5,54,11,7,8,3,3,12,2,0.5,32,65,14,6,7,6
2023-03,6,9,10,10,0.5,21,42,6,2,4,1,5,7,25,14,3,5,36,1,4,3,3,19,21,12,35,39,9,15,2,10,12,8,16,5,55,11,6,7,4,3,11,2,0.5,31,64,14,6,7,6
2023-04,6,10,10,10,0.5,22,42,5,2,3,1,4,6,23,13,3,4,34,1,4,3,3,20,21,12,35,43,9,14,2,9,11,8,16,5,50,10,6,7,3,3,11,2,0.5,32,66,15,6,8,6
2023-05,6,9,10,10,0.5,22,41,5,2,3,1,4,7,23,13,3,4,35,1,4,3,3,19,20,11,34,41,8,15,2,9,12,8,16,5,49,11,7,7,3,3,10,1,0.5,31,65,14,6,8,6
